,Method,Precision_normal,Recall_Normal,Precision_SMOTE,Recall_SMOTE
0,LogReg,0.9093627789279963,0.9952165156092648,0.9585228793149585,0.9018126888217523
1,RandomForest,0.8900840336134453,1.0,0.9239130434782609,0.8559919436052367
2,XGBoost,0.9189947399181765,0.9896777442094663,0.9480991306604386,0.9198136958710977
